case_id,activity,timestamp
case-00-0,Receive,2024-01-01T00:00:00Z
case-00-0,Review,2024-01-01T01:00:00Z
case-00-0,Approve,2024-01-01T02:00:00Z
case-00-0,Complete,2024-01-01T03:00:00Z
case-00-1,Receive,2024-01-02T00:00:00Z
case-00-1,Review,2024-01-02T01:00:00Z
case-00-1,Approve,2024-01-02T02:00:00Z
case-00-1,Complete,2024-01-02T03:00:00Z
case-00-2,Receive,2024-01-03T00:00:00Z
case-00-2,Review,2024-01-03T01:00:00Z
case-00-2,Approve,2024-01-03T02:00:00Z
case-00-2,Complete,2024-01-03T03:00:00Z
case-01-0,Receive,2024-01-08T00:00:00Z
case-01-0,Review,2024-01-08T01:00:00Z
case-01-0,Approve,2024-01-08T02:00:00Z
case-01-0,Complete,2024-01-08T03:00:00Z
case-01-1,Receive,2024-01-09T00:00:00Z
case-01-1,Review,2024-01-09T01:00:00Z
case-01-1,Approve,2024-01-09T02:00:00Z
case-01-1,Complete,2024-01-09T03:00:00Z
case-01-2,Receive,2024-01-10T00:00:00Z
case-01-2,Review,2024-01-10T01:00:00Z
case-01-2,Approve,2024-01-10T02:00:00Z
case-01-2,Complete,2024-01-10T03:00:00Z
case-02-0,Receive,2024-01-15T00:00:00Z
case-02-0,Review,2024-01-15T01:00:00Z
case-02-0,Approve,2024-01-15T02:00:00Z
case-02-0,Complete,2024-01-15T03:00:00Z
case-02-1,Receive,2024-01-16T00:00:00Z
case-02-1,Review,2024-01-16T01:00:00Z
case-02-1,Approve,2024-01-16T02:00:00Z
case-02-1,Complete,2024-01-16T03:00:00Z
case-02-2,Receive,2024-01-17T00:00:00Z
case-02-2,Review,2024-01-17T01:00:00Z
case-02-2,Approve,2024-01-17T02:00:00Z
case-02-2,Complete,2024-01-17T03:00:00Z
case-03-0,Receive,2024-01-22T00:00:00Z
case-03-0,Escalate,2024-01-22T01:00:00Z
case-03-0,Review,2024-01-22T02:00:00Z
case-03-0,Reject,2024-01-22T03:00:00Z
case-03-1,Receive,2024-01-23T00:00:00Z
case-03-1,Escalate,2024-01-23T01:00:00Z
case-03-1,Review,2024-01-23T02:00:00Z
case-03-1,Reject,2024-01-23T03:00:00Z
case-03-2,Receive,2024-01-24T00:00:00Z
case-03-2,Escalate,2024-01-24T01:00:00Z
case-03-2,Review,2024-01-24T02:00:00Z
case-03-2,Reject,2024-01-24T03:00:00Z
case-04-0,Receive,2024-01-29T00:00:00Z
case-04-0,Escalate,2024-01-29T01:00:00Z
case-04-0,Review,2024-01-29T02:00:00Z
case-04-0,Reject,2024-01-29T03:00:00Z
case-04-1,Receive,2024-01-30T00:00:00Z
case-04-1,Escalate,2024-01-30T01:00:00Z
case-04-1,Review,2024-01-30T02:00:00Z
case-04-1,Reject,2024-01-30T03:00:00Z
case-04-2,Receive,2024-01-31T00:00:00Z
case-04-2,Escalate,2024-01-31T01:00:00Z
case-04-2,Review,2024-01-31T02:00:00Z
case-04-2,Reject,2024-01-31T03:00:00Z
case-05-0,Receive,2024-02-05T00:00:00Z
case-05-0,Escalate,2024-02-05T01:00:00Z
case-05-0,Review,2024-02-05T02:00:00Z
case-05-0,Reject,2024-02-05T03:00:00Z
case-05-1,Receive,2024-02-06T00:00:00Z
case-05-1,Escalate,2024-02-06T01:00:00Z
case-05-1,Review,2024-02-06T02:00:00Z
case-05-1,Reject,2024-02-06T03:00:00Z
case-05-2,Receive,2024-02-07T00:00:00Z
case-05-2,Escalate,2024-02-07T01:00:00Z
case-05-2,Review,2024-02-07T02:00:00Z
case-05-2,Reject,2024-02-07T03:00:00Z
case-06-0,Receive,2024-02-12T00:00:00Z
case-06-0,Automate,2024-02-12T01:00:00Z
case-06-0,Complete,2024-02-12T02:00:00Z
case-06-1,Receive,2024-02-13T00:00:00Z
case-06-1,Automate,2024-02-13T01:00:00Z
case-06-1,Complete,2024-02-13T02:00:00Z
case-06-2,Receive,2024-02-14T00:00:00Z
case-06-2,Automate,2024-02-14T01:00:00Z
case-06-2,Complete,2024-02-14T02:00:00Z
case-07-0,Receive,2024-02-19T00:00:00Z
case-07-0,Automate,2024-02-19T01:00:00Z
case-07-0,Complete,2024-02-19T02:00:00Z
case-07-1,Receive,2024-02-20T00:00:00Z
case-07-1,Automate,2024-02-20T01:00:00Z
case-07-1,Complete,2024-02-20T02:00:00Z
case-07-2,Receive,2024-02-21T00:00:00Z
case-07-2,Automate,2024-02-21T01:00:00Z
case-07-2,Complete,2024-02-21T02:00:00Z
case-08-0,Receive,2024-02-26T00:00:00Z
case-08-0,Automate,2024-02-26T01:00:00Z
case-08-0,Complete,2024-02-26T02:00:00Z
case-08-1,Receive,2024-02-27T00:00:00Z
case-08-1,Automate,2024-02-27T01:00:00Z
case-08-1,Complete,2024-02-27T02:00:00Z
case-08-2,Receive,2024-02-28T00:00:00Z
case-08-2,Automate,2024-02-28T01:00:00Z
case-08-2,Complete,2024-02-28T02:00:00Z
case-09-0,Receive,2024-03-04T00:00:00Z
case-09-0,Review,2024-03-04T01:00:00Z
case-09-0,Approve,2024-03-04T02:00:00Z
case-09-0,Complete,2024-03-04T03:00:00Z
case-09-1,Receive,2024-03-05T00:00:00Z
case-09-1,Review,2024-03-05T01:00:00Z
case-09-1,Approve,2024-03-05T02:00:00Z
case-09-1,Complete,2024-03-05T03:00:00Z
case-09-2,Receive,2024-03-06T00:00:00Z
case-09-2,Review,2024-03-06T01:00:00Z
case-09-2,Approve,2024-03-06T02:00:00Z
case-09-2,Complete,2024-03-06T03:00:00Z
case-10-0,Receive,2024-03-11T00:00:00Z
case-10-0,Review,2024-03-11T01:00:00Z
case-10-0,Approve,2024-03-11T02:00:00Z
case-10-0,Complete,2024-03-11T03:00:00Z
case-10-1,Receive,2024-03-12T00:00:00Z
case-10-1,Review,2024-03-12T01:00:00Z
case-10-1,Approve,2024-03-12T02:00:00Z
case-10-1,Complete,2024-03-12T03:00:00Z
case-10-2,Receive,2024-03-13T00:00:00Z
case-10-2,Review,2024-03-13T01:00:00Z
case-10-2,Approve,2024-03-13T02:00:00Z
case-10-2,Complete,2024-03-13T03:00:00Z
case-11-0,Receive,2024-03-18T00:00:00Z
case-11-0,Review,2024-03-18T01:00:00Z
case-11-0,Approve,2024-03-18T02:00:00Z
case-11-0,Complete,2024-03-18T03:00:00Z
case-11-1,Receive,2024-03-19T00:00:00Z
case-11-1,Review,2024-03-19T01:00:00Z
case-11-1,Approve,2024-03-19T02:00:00Z
case-11-1,Complete,2024-03-19T03:00:00Z
case-11-2,Receive,2024-03-20T00:00:00Z
case-11-2,Review,2024-03-20T01:00:00Z
case-11-2,Approve,2024-03-20T02:00:00Z
case-11-2,Complete,2024-03-20T03:00:00Z
case-12-0,Receive,2024-03-25T00:00:00Z
case-12-0,Escalate,2024-03-25T01:00:00Z
case-12-0,Review,2024-03-25T02:00:00Z
case-12-0,Reject,2024-03-25T03:00:00Z
case-12-1,Receive,2024-03-26T00:00:00Z
case-12-1,Escalate,2024-03-26T01:00:00Z
case-12-1,Review,2024-03-26T02:00:00Z
case-12-1,Reject,2024-03-26T03:00:00Z
case-12-2,Receive,2024-03-27T00:00:00Z
case-12-2,Escalate,2024-03-27T01:00:00Z
case-12-2,Review,2024-03-27T02:00:00Z
case-12-2,Reject,2024-03-27T03:00:00Z
case-13-0,Receive,2024-04-01T00:00:00Z
case-13-0,Escalate,2024-04-01T01:00:00Z
case-13-0,Review,2024-04-01T02:00:00Z
case-13-0,Reject,2024-04-01T03:00:00Z
case-13-1,Receive,2024-04-02T00:00:00Z
case-13-1,Escalate,2024-04-02T01:00:00Z
case-13-1,Review,2024-04-02T02:00:00Z
case-13-1,Reject,2024-04-02T03:00:00Z
case-13-2,Receive,2024-04-03T00:00:00Z
case-13-2,Escalate,2024-04-03T01:00:00Z
case-13-2,Review,2024-04-03T02:00:00Z
case-13-2,Reject,2024-04-03T03:00:00Z
case-14-0,Receive,2024-04-08T00:00:00Z
case-14-0,Escalate,2024-04-08T01:00:00Z
case-14-0,Review,2024-04-08T02:00:00Z
case-14-0,Reject,2024-04-08T03:00:00Z
case-14-1,Receive,2024-04-09T00:00:00Z
case-14-1,Escalate,2024-04-09T01:00:00Z
case-14-1,Review,2024-04-09T02:00:00Z
case-14-1,Reject,2024-04-09T03:00:00Z
case-14-2,Receive,2024-04-10T00:00:00Z
case-14-2,Escalate,2024-04-10T01:00:00Z
case-14-2,Review,2024-04-10T02:00:00Z
case-14-2,Reject,2024-04-10T03:00:00Z
case-15-0,Receive,2024-04-15T00:00:00Z
case-15-0,Automate,2024-04-15T01:00:00Z
case-15-0,Complete,2024-04-15T02:00:00Z
case-15-1,Receive,2024-04-16T00:00:00Z
case-15-1,Automate,2024-04-16T01:00:00Z
case-15-1,Complete,2024-04-16T02:00:00Z
case-15-2,Receive,2024-04-17T00:00:00Z
case-15-2,Automate,2024-04-17T01:00:00Z
case-15-2,Complete,2024-04-17T02:00:00Z
case-16-0,Receive,2024-04-22T00:00:00Z
case-16-0,Automate,2024-04-22T01:00:00Z
case-16-0,Complete,2024-04-22T02:00:00Z
case-16-1,Receive,2024-04-23T00:00:00Z
case-16-1,Automate,2024-04-23T01:00:00Z
case-16-1,Complete,2024-04-23T02:00:00Z
case-16-2,Receive,2024-04-24T00:00:00Z
case-16-2,Automate,2024-04-24T01:00:00Z
case-16-2,Complete,2024-04-24T02:00:00Z
case-17-0,Receive,2024-04-29T00:00:00Z
case-17-0,Automate,2024-04-29T01:00:00Z
case-17-0,Complete,2024-04-29T02:00:00Z
case-17-1,Receive,2024-04-30T00:00:00Z
case-17-1,Automate,2024-04-30T01:00:00Z
case-17-1,Complete,2024-04-30T02:00:00Z
case-17-2,Receive,2024-05-01T00:00:00Z
case-17-2,Automate,2024-05-01T01:00:00Z
case-17-2,Complete,2024-05-01T02:00:00Z
